<?xml version="1.0" encoding="utf-8"?>
<databaseChangeLog
    xmlns="http://www.liquibase.org/xml/ns/dbchangelog"
    xmlns:ext="http://www.liquibase.org/xml/ns/dbchangelog-ext"
    xmlns:xsi="http://www.w3.org/2001/XMLSchema-instance"
    xsi:schemaLocation="http://www.liquibase.org/xml/ns/dbchangelog http://www.liquibase.org/xml/ns/dbchangelog/dbchangelog-3.6.xsd
                        http://www.liquibase.org/xml/ns/dbchangelog-ext http://www.liquibase.org/xml/ns/dbchangelog/dbchangelog-ext.xsd">

    <property name="autoIncrement" value="true"/>

    <!--
        Added the entity CalendrierModule.
    -->
    <changeSet id="20201022204623-1" author="jhipster">
        <createTable tableName="calendrier_module">
            <column name="id" type="bigint" autoIncrement="${autoIncrement}">
                <constraints primaryKey="true" nullable="false"/>
            </column>
            <column name="libelle" type="varchar(255)">
                <constraints nullable="true" />
            </column>

            <column name="date_control_continu_1" type="datetime">
                <constraints nullable="true" />
            </column>

            <column name="date_control_continu_2" type="datetime">
                <constraints nullable="true" />
            </column>

            <column name="module_id" type="bigint">
                <constraints nullable="true" />
            </column>

            <column name="annee_inscription_id" type="bigint">
                <constraints nullable="true" />
            </column>

            <!-- jhipster-needle-liquibase-add-column - JHipster will add columns here, do not remove-->
        </createTable>

        <dropDefaultValue tableName="calendrier_module" columnName="date_control_continu_1" columnDataType="datetime"/>
        <dropDefaultValue tableName="calendrier_module" columnName="date_control_continu_2" columnDataType="datetime"/>
    </changeSet>

    <changeSet id="20201022204623-1-relations" author="jhipster">

    </changeSet>
    <!-- jhipster-needle-liquibase-add-changeset - JHipster will add changesets here, do not remove-->

    <!--
        Load sample data generated with Faker.js
        - This data can be easily edited using a CSV editor (or even MS Excel) and
          is located in the 'src/main/resources/config/liquibase/data' directory
        - By default this data is applied when running with the JHipster 'dev' profile.
          This can be customized by adding or removing 'faker' in the 'spring.liquibase.contexts'
          Spring Boot configuration key.
    -->
    <changeSet id="20201022204623-1-data" author="jhipster" context="faker">
        <loadData
                  file="config/liquibase/data/calendrier_module.csv"
                  separator=";"
                  tableName="calendrier_module">
            <column name="id" type="numeric"/>
            <column name="libelle" type="string"/>
            <column name="date_control_continu_1" type="datetime"/>
            <column name="date_control_continu_2" type="datetime"/>
            <!-- jhipster-needle-liquibase-add-loadcolumn - JHipster (and/or extensions) can add load columns here, do not remove-->
        </loadData>
    </changeSet>

</databaseChangeLog>
