<?xml version="1.0" encoding="utf-8"?>
<databaseChangeLog
    xmlns="http://www.liquibase.org/xml/ns/dbchangelog"
    xmlns:ext="http://www.liquibase.org/xml/ns/dbchangelog-ext"
    xmlns:xsi="http://www.w3.org/2001/XMLSchema-instance"
    xsi:schemaLocation="http://www.liquibase.org/xml/ns/dbchangelog http://www.liquibase.org/xml/ns/dbchangelog/dbchangelog-3.6.xsd
                        http://www.liquibase.org/xml/ns/dbchangelog-ext http://www.liquibase.org/xml/ns/dbchangelog/dbchangelog-ext.xsd">

    <property name="autoIncrement" value="true"/>

    <!--
        Added the entity Etablissement.
    -->
    <changeSet id="20201022195302-1" author="jhipster">
        <createTable tableName="etablissement">
            <column name="id" type="bigint" autoIncrement="${autoIncrement}">
                <constraints primaryKey="true" nullable="false"/>
            </column>
            <column name="nom_ecole" type="varchar(255)">
                <constraints nullable="true" />
            </column>

            <column name="adresse" type="varchar(255)">
                <constraints nullable="true" />
            </column>

            <column name="rc" type="varchar(255)">
                <constraints nullable="true" />
            </column>

            <column name="ice" type="varchar(255)">
                <constraints nullable="true" />
            </column>

            <column name="tp" type="varchar(255)">
                <constraints nullable="true" />
            </column>

            <column name="identite_fiche" type="varchar(255)">
                <constraints nullable="true" />
            </column>

            <column name="logo" type="longblob">
                <constraints nullable="true" />
            </column>
            <column name="logo_content_type" type="varchar(255)">
                <constraints nullable="true" />
            </column>

            <!-- jhipster-needle-liquibase-add-column - JHipster will add columns here, do not remove-->
        </createTable>

    </changeSet>

    <changeSet id="20201022195302-1-relations" author="jhipster">

    </changeSet>
    <!-- jhipster-needle-liquibase-add-changeset - JHipster will add changesets here, do not remove-->

    <!--
        Load sample data generated with Faker.js
        - This data can be easily edited using a CSV editor (or even MS Excel) and
          is located in the 'src/main/resources/config/liquibase/data' directory
        - By default this data is applied when running with the JHipster 'dev' profile.
          This can be customized by adding or removing 'faker' in the 'spring.liquibase.contexts'
          Spring Boot configuration key.
    -->
    <changeSet id="20201022195302-1-data" author="jhipster" context="faker">
        <loadData
                  file="config/liquibase/data/etablissement.csv"
                  separator=";"
                  tableName="etablissement">
            <column name="id" type="numeric"/>
            <column name="nom_ecole" type="string"/>
            <column name="adresse" type="string"/>
            <column name="rc" type="string"/>
            <column name="ice" type="string"/>
            <column name="tp" type="string"/>
            <column name="identite_fiche" type="string"/>
            <column name="logo" type="blob"/>
            <column name="logo_content_type" type="string"/>
            <!-- jhipster-needle-liquibase-add-loadcolumn - JHipster (and/or extensions) can add load columns here, do not remove-->
        </loadData>
    </changeSet>

</databaseChangeLog>
