<?xml version="1.0" encoding="utf-8"?>
<databaseChangeLog
    xmlns="http://www.liquibase.org/xml/ns/dbchangelog"
    xmlns:ext="http://www.liquibase.org/xml/ns/dbchangelog-ext"
    xmlns:xsi="http://www.w3.org/2001/XMLSchema-instance"
    xsi:schemaLocation="http://www.liquibase.org/xml/ns/dbchangelog http://www.liquibase.org/xml/ns/dbchangelog/dbchangelog-3.6.xsd
                        http://www.liquibase.org/xml/ns/dbchangelog-ext http://www.liquibase.org/xml/ns/dbchangelog/dbchangelog-ext.xsd">

    <property name="autoIncrement" value="true"/>

    <!--
        Added the entity EtudiantsMaster.
    -->
    <changeSet id="20201022195257-1" author="jhipster">
        <createTable tableName="etudiants_master">
            <column name="id" type="bigint" autoIncrement="${autoIncrement}">
                <constraints primaryKey="true" nullable="false"/>
            </column>
            <column name="suffixe" type="varchar(255)">
                <constraints nullable="true" />
            </column>

            <column name="nom" type="varchar(255)">
                <constraints nullable="false" />
            </column>

            <column name="prenom" type="varchar(255)">
                <constraints nullable="false" />
            </column>

            <column name="date_naissance" type="datetime">
                <constraints nullable="false" />
            </column>

            <column name="adresse_contact" type="varchar(255)">
                <constraints nullable="false" />
            </column>

            <column name="ville" type="varchar(255)">
                <constraints nullable="true" />
            </column>

            <column name="email" type="varchar(255)">
                <constraints nullable="false" />
            </column>

            <column name="type_bac" type="varchar(255)">
                <constraints nullable="true" />
            </column>

            <column name="mention" type="varchar(255)">
                <constraints nullable="true" />
            </column>

            <column name="annee_obtention" type="varchar(255)">
                <constraints nullable="true" />
            </column>

            <column name="cin_pass" type="varchar(255)">
                <constraints nullable="false" />
            </column>

            <column name="pays_nationalite" type="varchar(255)">
                <constraints nullable="true" />
            </column>

            <column name="pays_residence" type="varchar(255)">
                <constraints nullable="true" />
            </column>

            <column name="codepostal" type="varchar(255)">
                <constraints nullable="true" />
            </column>

            <column name="province" type="varchar(255)">
                <constraints nullable="true" />
            </column>

            <column name="tel" type="integer">
                <constraints nullable="true" />
            </column>

            <column name="deuxieme_tel" type="integer">
                <constraints nullable="true" />
            </column>

            <column name="photo" type="longblob">
                <constraints nullable="false" />
            </column>
            <column name="photo_content_type" type="varchar(255)">
                <constraints nullable="false" />
            </column>

            <column name="test_admission" type="longblob">
                <constraints nullable="true" />
            </column>
            <column name="test_admission_content_type" type="varchar(255)">
                <constraints nullable="true" />
            </column>

            <column name="releves_notes" type="longblob">
                <constraints nullable="true" />
            </column>
            <column name="releves_notes_content_type" type="varchar(255)">
                <constraints nullable="true" />
            </column>

            <column name="bacalaureat" type="longblob">
                <constraints nullable="false" />
            </column>
            <column name="bacalaureat_content_type" type="varchar(255)">
                <constraints nullable="false" />
            </column>

            <column name="cin_passport" type="longblob">
                <constraints nullable="false" />
            </column>
            <column name="cin_passport_content_type" type="varchar(255)">
                <constraints nullable="false" />
            </column>

            <column name="diplome" type="longblob">
                <constraints nullable="true" />
            </column>
            <column name="diplome_content_type" type="varchar(255)">
                <constraints nullable="true" />
            </column>

            <column name="inscriptionvalide" type="boolean">
                <constraints nullable="true" />
            </column>

            <column name="absent" type="boolean">
                <constraints nullable="true" />
            </column>

            <column name="etablissement_obtention" type="varchar(255)">
                <constraints nullable="true" />
            </column>
            <column name="user_id" type="bigint">
                <constraints unique="true" nullable="true" uniqueConstraintName="ux_etudiants_master_user_id" />
            </column>
            <column name="filiere_id" type="bigint">
                <constraints nullable="true" />
            </column>

            <column name="annee_inscription_id" type="bigint">
                <constraints nullable="true" />
            </column>

            <column name="modalite_id" type="bigint">
                <constraints nullable="true" />
            </column>

            <!-- jhipster-needle-liquibase-add-column - JHipster will add columns here, do not remove-->
        </createTable>

        <dropDefaultValue tableName="etudiants_master" columnName="date_naissance" columnDataType="datetime"/>
    </changeSet>

    <changeSet id="20201022195257-1-relations" author="jhipster">

    </changeSet>
    <!-- jhipster-needle-liquibase-add-changeset - JHipster will add changesets here, do not remove-->

    <!--
        Load sample data generated with Faker.js
        - This data can be easily edited using a CSV editor (or even MS Excel) and
          is located in the 'src/main/resources/config/liquibase/data' directory
        - By default this data is applied when running with the JHipster 'dev' profile.
          This can be customized by adding or removing 'faker' in the 'spring.liquibase.contexts'
          Spring Boot configuration key.
    -->
    <changeSet id="20201022195257-1-data" author="jhipster" context="faker">
        <loadData
                  file="config/liquibase/data/etudiants_master.csv"
                  separator=";"
                  tableName="etudiants_master">
            <column name="id" type="numeric"/>
            <column name="suffixe" type="string"/>
            <column name="nom" type="string"/>
            <column name="prenom" type="string"/>
            <column name="date_naissance" type="datetime"/>
            <column name="adresse_contact" type="string"/>
            <column name="ville" type="string"/>
            <column name="email" type="string"/>
            <column name="type_bac" type="string"/>
            <column name="mention" type="string"/>
            <column name="annee_obtention" type="string"/>
            <column name="cin_pass" type="string"/>
            <column name="pays_nationalite" type="string"/>
            <column name="pays_residence" type="string"/>
            <column name="codepostal" type="string"/>
            <column name="province" type="string"/>
            <column name="tel" type="numeric"/>
            <column name="deuxieme_tel" type="numeric"/>
            <column name="photo" type="blob"/>
            <column name="photo_content_type" type="string"/>
            <column name="test_admission" type="blob"/>
            <column name="test_admission_content_type" type="string"/>
            <column name="releves_notes" type="blob"/>
            <column name="releves_notes_content_type" type="string"/>
            <column name="bacalaureat" type="blob"/>
            <column name="bacalaureat_content_type" type="string"/>
            <column name="cin_passport" type="blob"/>
            <column name="cin_passport_content_type" type="string"/>
            <column name="diplome" type="blob"/>
            <column name="diplome_content_type" type="string"/>
            <column name="inscriptionvalide" type="boolean"/>
            <column name="absent" type="boolean"/>
            <column name="etablissement_obtention" type="string"/>
            <!-- jhipster-needle-liquibase-add-loadcolumn - JHipster (and/or extensions) can add load columns here, do not remove-->
        </loadData>
    </changeSet>

</databaseChangeLog>
