<?xml version="1.0" encoding="utf-8"?>
<databaseChangeLog
    xmlns="http://www.liquibase.org/xml/ns/dbchangelog"
    xmlns:ext="http://www.liquibase.org/xml/ns/dbchangelog-ext"
    xmlns:xsi="http://www.w3.org/2001/XMLSchema-instance"
    xsi:schemaLocation="http://www.liquibase.org/xml/ns/dbchangelog http://www.liquibase.org/xml/ns/dbchangelog/dbchangelog-3.6.xsd
                        http://www.liquibase.org/xml/ns/dbchangelog-ext http://www.liquibase.org/xml/ns/dbchangelog/dbchangelog-ext.xsd">

    <property name="autoIncrement" value="true"/>

    <!--
        Added the entity TableauDeBoard.
    -->
    <changeSet id="20201022202245-1" author="jhipster">
        <createTable tableName="tableau_de_board">
            <column name="id" type="bigint" autoIncrement="${autoIncrement}">
                <constraints primaryKey="true" nullable="false"/>
            </column>
            <column name="tableau_de_board" type="varchar(255)">
                <constraints nullable="true" />
            </column>

            <!-- jhipster-needle-liquibase-add-column - JHipster will add columns here, do not remove-->
        </createTable>

    </changeSet>

    <changeSet id="20201022202245-1-relations" author="jhipster">

        <createTable tableName="tableau_de_board_filier">
            <column name="filier_id" type="bigint">
                <constraints nullable="false"/>
            </column>
            <column name="tableau_de_board_id" type="bigint">
                <constraints nullable="false"/>
            </column>
        </createTable>

        <addPrimaryKey columnNames="tableau_de_board_id, filier_id" tableName="tableau_de_board_filier"/>
        
        <createTable tableName="tableau_de_board_calendrier">
            <column name="calendrier_id" type="bigint">
                <constraints nullable="false"/>
            </column>
            <column name="tableau_de_board_id" type="bigint">
                <constraints nullable="false"/>
            </column>
        </createTable>

        <addPrimaryKey columnNames="tableau_de_board_id, calendrier_id" tableName="tableau_de_board_calendrier"/>
        
    </changeSet>
    <!-- jhipster-needle-liquibase-add-changeset - JHipster will add changesets here, do not remove-->

    <!--
        Load sample data generated with Faker.js
        - This data can be easily edited using a CSV editor (or even MS Excel) and
          is located in the 'src/main/resources/config/liquibase/data' directory
        - By default this data is applied when running with the JHipster 'dev' profile.
          This can be customized by adding or removing 'faker' in the 'spring.liquibase.contexts'
          Spring Boot configuration key.
    -->
    <changeSet id="20201022202245-1-data" author="jhipster" context="faker">
        <loadData
                  file="config/liquibase/data/tableau_de_board.csv"
                  separator=";"
                  tableName="tableau_de_board">
            <column name="id" type="numeric"/>
            <column name="tableau_de_board" type="string"/>
            <!-- jhipster-needle-liquibase-add-loadcolumn - JHipster (and/or extensions) can add load columns here, do not remove-->
        </loadData>
    </changeSet>

</databaseChangeLog>
