id;titre;data;data_content_type;type_document
1;Multi-channelled Licensed;../data/blob/hipster.png;image/png;LICENCE
2;Canyon HDD;../data/blob/hipster.png;image/png;LICENCE
3;envisioneer Music Public-key;../data/blob/hipster.png;image/png;MASTER
4;Investment Account;../data/blob/hipster.png;image/png;PROFESSEUR
5;copy convergence;../data/blob/hipster.png;image/png;LICENCE
6;Industrial;../data/blob/hipster.png;image/png;LICENCE
7;capacitor archive;../data/blob/hipster.png;image/png;MASTER_EXECUTIF
8;compress South Georgia and the South Sandwich Islands;../data/blob/hipster.png;image/png;PROFESSEUR
9;bifurcated scalable;../data/blob/hipster.png;image/png;LICENCE
10;deliverables reinvent 24 hour;../data/blob/hipster.png;image/png;LICENCE
